<?xml version="1.0" encoding="UTF-8"?>
<beans xmlns="http://www.springframework.org/schema/beans"
       xmlns:xsi="http://www.w3.org/2001/XMLSchema-instance"
       xmlns:camel="http://camel.apache.org/schema/spring"
       xsi:schemaLocation="
          http://www.springframework.org/schema/beans http://www.springframework.org/schema/beans/spring-beans.xsd
          http://camel.apache.org/schema/spring http://camel.apache.org/schema/spring/camel-spring.xsd">

    <!-- Define your Camel Context -->
    <camelContext id="camelContext" xmlns="http://camel.apache.org/schema/spring">
    
        <!-- Define your route -->
        <route id="fileRoute">
            <!-- File Consumer -->
            <from uri="file://C:\Camel-Work-Tasks\FileFolders\source?delete=true"/>
            
            <!-- Body modification -->
            <setBody>
                <simple>${body}Hi</simple>
            </setBody>
            
            <log message="Processing file ${header.CamelFileName}"/>
            
            <!-- Backup directory -->
            <to uri="file://C:\Camel-Work-Tasks\FileFolders\backup"/>
            
            <!-- Route files based on their content -->
            <choice>
                <!-- If file contains "Mumbai" in its body -->
                <when>
                    <simple>${body} contains 'Mumbai'</simple>
                    <log message="Routing file ${header.CamelFileName} to Mumbai directory"/>
                    <to uri="file://C:\Camel-Work-Tasks\FileFolders\Mumbai/Mumbai?fileName=${file:name.noext}-${date:now:yyyyMMdd-HHmmssSSS}.${file:ext}"/>
                </when>

                <!-- If file contains "Bangalore" in its body -->
                <when>
                    <simple>${body} contains 'Bangalore'</simple>
                    <log message="Routing file ${header.CamelFileName} to Mumbai directory"/>
                    <to uri="file://C:\Camel-Work-Tasks\FileFolders\Bangalore/Bangalore?fileName=${file:name.noext}-${date:now:yyyyMMdd-HHmmssSSS}.${file:ext}"/>
                </when>
                
                <!-- If file doesn't contain any of the specified keywords -->
                <otherwise>
                    <log message="Routing file ${header.CamelFileName} to output directory"/>
                    <to uri="file://C:\Camel-Work-Tasks\FileFolders\backup"/>
                </otherwise>
            </choice>
        </route>
        
    </camelContext>
</beans>
